Transaction_ID,Timestamp,From Bank,From Account,To Bank,To Account,Amount Received,Receiving Currency,Amount Paid,Payment Currency,Payment Format,Transaction Type,Primary Account Number,Primary Customer ID,Counterparty Customer ID,Branch City,Channel,Account Status,Is Laundering,Rule Tags,Scenario Group
T001,03-05-2022 09:15,BARCLAYS_IN,AC2002,BARCLAYS_IN,AC1001,85000,INR,85000,INR,NEFT,Credit,AC1001,IND001,ENT002,Mumbai,Online Banking,Active,0,None,Routine salary credit
T002,05-05-2022 18:10,BARCLAYS_IN,AC1001,EXTBANK,EXT_LANDLORD_01,28000,INR,28000,INR,Transfer,Debit,AC1001,IND001,EXT_LANDLORD,Jaipur,Mobile App,Active,0,None,Rent payment
T003,06-05-2022 09:05,BARCLAYS_IN,AC2002,BARCLAYS_IN,AC1002,92000,INR,92000,INR,NEFT,Credit,AC1002,IND002,ENT002,Chennai,Online Banking,Active,0,None,Routine salary credit
T004,07-05-2022 08:30,BARCLAYS_IN,AC1002,COINDCX_EXCHANGE,COINDCX_WALLET_02,25000,INR,25000,INR,Auto Debit,Debit,AC1002,IND002,COINDCX_EXCHANGE,Chennai,Standing Instruction,Active,0,None,Crypto investment transfer
T005,10-05-2022 11:20,HDFC_IN,EXT_HDFC_AMIT_01,BARCLAYS_IN,AC1003,120000,INR,120000,INR,NEFT,Credit,AC1003,IND003,EXT_CLIENT_HDFC,Pune,Online Banking,Active - Under Review,0,None,Historical baseline
T006,12-06-2022 13:05,ICICI_IN,EXT_ICICI_AMIT_02,BARCLAYS_IN,AC1003,95000,INR,95000,INR,Cheque,Credit,AC1003,IND003,EXT_BROKER_ICICI,Pune,Branch,Active - Under Review,0,None,Historical baseline
T007,18-08-2022 16:25,SBI_IN,EXT_SBI_AMIT_03,BARCLAYS_IN,AC1003,110000,INR,110000,INR,IMPS,Credit,AC1003,IND003,EXT_PROPERTY_BUYER,Pune,Mobile App,Active - Under Review,0,None,Historical baseline
T008,12-05-2022 09:20,BARCLAYS_IN,AC2004,BARCLAYS_IN,AC1004,76000,INR,76000,INR,NEFT,Credit,AC1004,IND004,ENT004,Pune,Online Banking,Active,0,None,Routine salary credit
T009,15-05-2022 20:05,BARCLAYS_IN,AC1004,EXTBANK,EXT_UTIL_11,18000,INR,18000,INR,UPI,Debit,AC1004,IND004,EXT_UTILITY,Pune,Mobile App,Active,0,None,Utility payment
T010,20-05-2022 12:40,BARCLAYS_IN,AC2003,BARCLAYS_IN,AC1005,240000,INR,240000,INR,NEFT,Credit,AC1005,IND005,ENT003,Nashik,Online Banking,Active,0,None,Vendor settlement
T011,21-05-2022 10:10,BARCLAYS_IN,AC1005,EXTBANK,EXT_GST_01,62000,INR,62000,INR,Transfer,Debit,AC1005,IND005,GOVT_GST,Nashik,Online Banking,Active,0,None,Tax payment
T012,02-06-2022 09:00,BARCLAYS_IN,AC2004,BARCLAYS_IN,AC1006,88000,INR,88000,INR,NEFT,Credit,AC1006,IND006,ENT004,Delhi,Online Banking,Active,0,None,Routine salary credit
T013,04-06-2022 14:15,BARCLAYS_IN,AC1006,BARCLAYS_IN,AC1009,15000,INR,15000,INR,UPI,Credit,AC1009,IND009,IND006,Bengaluru,Mobile App,Active - Under Review,0,None,Peer transfer
T014,10-06-2022 11:55,KOTAK_IN,EXT_KOTAK_ARJUN_01,BARCLAYS_IN,AC1007,70000,INR,70000,INR,Transfer,Credit,AC1007,IND007,EXT_IMPORT_CLIENT,Delhi,Online Banking,Active - Under Review,0,None,Historical baseline
T015,12-06-2022 17:25,BARCLAYS_IN,AC1007,AXIS_IN,EXT_AXIS_VENDOR_01,45000,INR,45000,INR,IMPS,Debit,AC1007,IND007,EXT_VENDOR_AXIS,Delhi,Mobile App,Active - Under Review,0,None,Historical baseline
T016,15-05-2022 15:50,YES_IN,EXT_YES_FARHAN_01,BARCLAYS_IN,AC1008,20000,INR,20000,INR,Transfer,Credit,AC1008,IND008,EXT_WALLET_TRANSFER,Delhi,Mobile App,Dormant - Reactivated Under Review,0,None,Last pre-dormancy activity
T017,01-06-2022 09:12,BARCLAYS_IN,AC2002,BARCLAYS_IN,AC1009,98000,INR,98000,INR,NEFT,Credit,AC1009,IND009,ENT002,Bengaluru,Online Banking,Active - Under Review,0,None,Routine salary credit
T018,03-06-2022 19:08,BARCLAYS_IN,AC1009,WAZIRX_EXCHANGE,WAZIRX_WALLET_77,12000,INR,12000,INR,UPI,Debit,AC1009,IND009,WAZIRX_EXCHANGE,Bengaluru,Mobile App,Active - Under Review,0,None,Small crypto purchase
T019,08-06-2022 09:02,BARCLAYS_IN,AC2004,BARCLAYS_IN,AC1010,64000,INR,64000,INR,NEFT,Credit,AC1010,IND010,ENT004,Bengaluru,Online Banking,Active,0,None,Routine salary credit
T020,11-06-2022 12:35,CASH_DESK,CASH_COUNTER_BLR03,BARCLAYS_IN,AC1010,32000,INR,32000,INR,Cash,Credit,AC1010,IND010,CASH_COUNTER,Bengaluru,Branch,Active,0,None,Cash deposit
T021,20-06-2022 09:18,BARCLAYS_IN,AC2002,BARCLAYS_IN,AC1011,81000,INR,81000,INR,NEFT,Credit,AC1011,IND011,ENT002,Bengaluru,Online Banking,Active,0,None,Routine salary credit
T022,21-09-2022 15:10,BARCLAYS_IN,AC1011,BINANCE_EXCHANGE,BINANCE_WALLET_09,765000,INR,765000,INR,Transfer,Debit,AC1011,IND011,BINANCE_EXCHANGE,Bengaluru,Online Banking,Active - Under Review,1,R14,Crypto exchange transfer after suspicious inflow
T023,02-07-2022 10:35,BARCLAYS_IN,AC2003,BARCLAYS_IN,AC1012,180000,INR,180000,INR,RTGS,Credit,AC1012,IND012,ENT003,Delhi,Online Banking,Active,0,None,Consultancy fee
T024,05-07-2022 16:10,PNB_IN,EXT_PNB_VIVEK_01,BARCLAYS_IN,AC1006,35000,INR,35000,INR,IMPS,Credit,AC1006,IND006,EXT_CONSULT_CLIENT,Delhi,Mobile App,Active,0,None,Peer transfer
T025,15-06-2022 11:00,BARCLAYS_IN,AC2003,BARCLAYS_IN,AC2001,310000,INR,310000,INR,RTGS,Credit,AC2001,ENT001,ENT003,Mumbai,Online Banking,Active - Under Review,0,None,Historical baseline
T026,18-06-2022 15:10,BARCLAYS_IN,AC2001,BARCLAYS_IN,AC2004,275000,INR,275000,INR,RTGS,Debit,AC2001,ENT001,ENT004,Mumbai,Online Banking,Active - Under Review,0,None,Historical baseline
T027,14-07-2022 10:55,BARCLAYS_IN,AC2003,BARCLAYS_IN,AC2001,325000,INR,325000,INR,RTGS,Credit,AC2001,ENT001,ENT003,Mumbai,Online Banking,Active - Under Review,0,None,Historical baseline
T028,18-07-2022 13:45,BARCLAYS_IN,AC2001,EXTBANK,EXT_GST_22,40000,INR,40000,INR,Transfer,Debit,AC2001,ENT001,GOVT_GST,Mumbai,Online Banking,Active - Under Review,0,None,Tax payment
T029,10-08-2022 12:25,BARCLAYS_IN,AC2003,BARCLAYS_IN,AC2001,290000,INR,290000,INR,RTGS,Credit,AC2001,ENT001,ENT003,Mumbai,Online Banking,Active - Under Review,0,None,Historical baseline
T030,16-08-2022 17:20,BARCLAYS_IN,AC2001,BARCLAYS_IN,AC2004,260000,INR,260000,INR,RTGS,Debit,AC2001,ENT001,ENT004,Mumbai,Online Banking,Active - Under Review,0,None,Historical baseline
T031,14-09-2022 10:10,CASH_DESK,CASH_COUNTER_MUM01,BARCLAYS_IN,AC1003,975000,INR,975000,INR,Cash,Credit,AC1003,IND003,CASH_COUNTER,Pune,Branch,Active - Under Review,1,R01;R08,Cash structuring below 10 lakh
T032,14-09-2022 13:40,CASH_DESK,CASH_COUNTER_MUM01,BARCLAYS_IN,AC1003,982000,INR,982000,INR,Cash,Credit,AC1003,IND003,CASH_COUNTER,Pune,Branch,Active - Under Review,1,R01;R08,Cash structuring below 10 lakh
T033,15-09-2022 11:05,CASH_DESK,CASH_COUNTER_PUN01,BARCLAYS_IN,AC1003,991000,INR,991000,INR,Cash,Credit,AC1003,IND003,CASH_COUNTER,Pune,Branch,Active - Under Review,1,R01;R08,Cash structuring below 10 lakh
T034,15-09-2022 16:25,CASH_DESK,CASH_COUNTER_PUN01,BARCLAYS_IN,AC1003,988000,INR,988000,INR,Cash,Credit,AC1003,IND003,CASH_COUNTER,Pune,Branch,Active - Under Review,1,R01;R08,Cash structuring below 10 lakh
T035,16-09-2022 09:15,BARCLAYS_IN,AC1003,BARCLAYS_IN,AC2001,3200000,INR,3200000,INR,RTGS,Debit,AC1003,IND003,ENT001,Pune,Online Banking,Active - Under Review,1,R05;R06;R07,Sudden high value outward transfer
T036,18-09-2022 10:00,HDFC_IN,EXT_HDFC_COLLECT_01,BARCLAYS_IN,AC1007,210000,INR,210000,INR,NEFT,Credit,AC1007,IND007,EXT_REMITTER_HDFC,Delhi,Online Banking,Active - Under Review,1,R11,Many to one inflow
T037,18-09-2022 10:35,ICICI_IN,EXT_ICICI_COLLECT_02,BARCLAYS_IN,AC1007,195000,INR,195000,INR,IMPS,Credit,AC1007,IND007,EXT_REMITTER_ICICI,Delhi,Mobile App,Active - Under Review,1,R11,Many to one inflow
T038,18-09-2022 11:10,SBI_IN,EXT_SBI_COLLECT_03,BARCLAYS_IN,AC1007,225000,INR,225000,INR,IMPS,Credit,AC1007,IND007,EXT_REMITTER_SBI,Delhi,Mobile App,Active - Under Review,1,R11,Many to one inflow
T039,18-09-2022 11:40,KOTAK_IN,EXT_KOTAK_COLLECT_04,BARCLAYS_IN,AC1007,240000,INR,240000,INR,NEFT,Credit,AC1007,IND007,EXT_REMITTER_KOTAK,Delhi,Online Banking,Active - Under Review,1,R11,Many to one inflow
T040,19-09-2022 09:10,AXIS_IN,EXT_AXIS_DORMANT_01,BARCLAYS_IN,AC1008,48000,INR,48000,INR,IMPS,Credit,AC1008,IND008,EXT_REMITTER_AXIS,Delhi,Mobile App,Dormant - Reactivated Under Review,1,R10;R13,Dormant account reactivation
T041,19-09-2022 09:32,YES_IN,EXT_YES_DORMANT_02,BARCLAYS_IN,AC1008,49500,INR,49500,INR,IMPS,Credit,AC1008,IND008,EXT_REMITTER_YES,Delhi,Mobile App,Dormant - Reactivated Under Review,1,R10;R13,Dormant account reactivation
T042,19-09-2022 10:05,BARCLAYS_IN,AC1008,CASH_DESK,CASH_COUNTER_DEL01,47000,INR,47000,INR,Cash,Debit,AC1008,IND008,CASH_COUNTER,Delhi,ATM,Dormant - Reactivated Under Review,1,R10;R13,Rapid cash withdrawal
T043,19-09-2022 16:20,BARCLAYS_IN,AC1008,CASH_DESK,CASH_COUNTER_JAI01,48000,INR,48000,INR,Cash,Debit,AC1008,IND008,CASH_COUNTER,Jaipur,ATM,Dormant - Reactivated Under Review,1,R10;R13,Rapid cash withdrawal
T044,20-09-2022 09:00,CASH_DESK,CASH_COUNTER_BLR01,BARCLAYS_IN,AC1009,48500,INR,48500,INR,Cash,Credit,AC1009,IND009,CASH_COUNTER,Bengaluru,Branch,Active - Under Review,1,R09,Sub-50000 cash structuring
T045,20-09-2022 12:15,CASH_DESK,CASH_COUNTER_BLR01,BARCLAYS_IN,AC1009,49200,INR,49200,INR,Cash,Credit,AC1009,IND009,CASH_COUNTER,Bengaluru,Branch,Active - Under Review,1,R09,Sub-50000 cash structuring
T046,20-09-2022 15:40,CASH_DESK,CASH_COUNTER_BLR02,BARCLAYS_IN,AC1009,47950,INR,47950,INR,Cash,Credit,AC1009,IND009,CASH_COUNTER,Bengaluru,Branch,Active - Under Review,1,R09,Sub-50000 cash structuring
T047,21-09-2022 10:00,BARCLAYS_IN,AC2001,BARCLAYS_IN,AC1011,780000,INR,780000,INR,NEFT,Debit,AC2001,ENT001,IND011,Mumbai,Online Banking,Active - Under Review,1,R04;R06;R07;R12,One to many outward transfer
T048,21-09-2022 10:20,BARCLAYS_IN,AC2001,BARCLAYS_IN,AC1004,825000,INR,825000,INR,RTGS,Debit,AC2001,ENT001,IND004,Mumbai,Online Banking,Active - Under Review,1,R04;R06;R07;R12,One to many outward transfer
T049,21-09-2022 11:00,BARCLAYS_IN,AC2001,BARCLAYS_IN,AC1002,760000,INR,760000,INR,NEFT,Debit,AC2001,ENT001,IND002,Mumbai,Online Banking,Active - Under Review,1,R04;R06;R07;R12,One to many outward transfer
T050,21-09-2022 11:45,BARCLAYS_IN,AC2001,BARCLAYS_IN,AC1010,805000,INR,805000,INR,RTGS,Debit,AC2001,ENT001,IND010,Mumbai,Online Banking,Active - Under Review,1,R04;R06;R07;R12,One to many outward transfer
